"Внешняя ссылка, ур. 1","Внешняя ссылка, ур. 2","Внешняя ссылка, ур. 3","Внешняя ссылка, ур. 4","Внешняя ссылка","Количество переходов","Посетители"
"Итого и средние","","","","","3419","431"
"https://vk.com/","https://vk.com/x81squad?","https://vk.com/x81squad?z=video29477976_456239039%2F750d02a6a1c861cf87%2Fpl_post_-31295460_446565","Не определено","https://vk.com/x81squad?z=video29477976_456239039%2F750d02a6a1c861cf87%2Fpl_post_-31295460_446565","76","64"
"https://drive2.ru/","https://drive2.ru/l/","https://drive2.ru/l/503523000281203440/","Не определено","https://drive2.ru/l/503523000281203440/","38","34"
"https://drive2.ru/","https://drive2.ru/l/","https://drive2.ru/l/479071785824813507/","Не определено","https://drive2.ru/l/479071785824813507/","34","33"
"https://drive2.ru/","https://drive2.ru/l/","https://drive2.ru/l/459659358280652514/","https://drive2.ru/l/459659358280652514/#comments","https://drive2.ru/l/459659358280652514/#comments","31","29"
"https://drive2.ru/","https://drive2.ru/l/","https://drive2.ru/l/5778131","Не определено","https://drive2.ru/l/5778131","31","27"
"https://vk.com/","https://vk.com/x81squad?","https://vk.com/x81squad?w=wall-31295460_417825","Не определено","https://vk.com/x81squad?w=wall-31295460_417825","30","30"
"https://vk.com/","https://vk.com/wall-31295460_526995","Не определено","Не определено","https://vk.com/wall-31295460_526995","29","25"
"https://vk.com/","https://vk.com/wall-31295460_528044","Не определено","Не определено","https://vk.com/wall-31295460_528044","28","25"
"https://vk.com/","https://vk.com/wall-31295460_647840","Не определено","Не определено","https://vk.com/wall-31295460_647840","28","25"
"https://drive2.ru/","https://drive2.ru/l/","https://drive2.ru/l/488621044312047714/","Не определено","https://drive2.ru/l/488621044312047714/","27","26"
"https://vk.com/","https://vk.com/x81squad","Не определено","Не определено","https://vk.com/x81squad","26","23"
"https://vk.com/","https://vk.com/wall-31295460_474634","Не определено","Не определено","https://vk.com/wall-31295460_474634","25","23"
"https://vk.com/","https://vk.com/wall-31295460_570073","Не определено","Не определено","https://vk.com/wall-31295460_570073","25","24"
"https://drive2.ru/","https://drive2.ru/l/","https://drive2.ru/l/488621044312047715/","Не определено","https://drive2.ru/l/488621044312047715/","24","20"
"https://drive2.ru/","https://drive2.ru/l/","https://drive2.ru/l/9696258/","Не определено","https://drive2.ru/l/9696258/","24","24"
"https://vk.com/","https://vk.com/wall-31295460_620088","Не определено","Не определено","https://vk.com/wall-31295460_620088","24","23"
"https://vk.com/","https://vk.com/wall-139119461_55","Не определено","Не определено","https://vk.com/wall-139119461_55","23","23"
"https://vk.com/","https://vk.com/wall-31295460_479401","Не определено","Не определено","https://vk.com/wall-31295460_479401","23","23"
"https://drive2.ru/","https://drive2.ru/l/","https://drive2.ru/l/480091582859575670/","https://drive2.ru/l/480091582859575670/#comments","https://drive2.ru/l/480091582859575670/#comments","22","20"
"https://drive2.ru/","https://drive2.ru/l/","https://drive2.ru/l/7776236#","https://drive2.ru/l/7776236#comments","https://drive2.ru/l/7776236#comments","22","22"
"https://m.vk.com/","https://m.vk.com/wall-31295460_295318?","https://m.vk.com/wall-31295460_295318?reply=295367#","https://m.vk.com/wall-31295460_295318?reply=295367#reply295367","https://m.vk.com/wall-31295460_295318?reply=295367#reply295367","22","22"
"https://vk.com/","https://vk.com/wall-31295460_635542","Не определено","Не определено","https://vk.com/wall-31295460_635542","22","21"
"https://drive2.ru/","https://drive2.ru/l/","https://drive2.ru/l/475997826191458843/","Не определено","https://drive2.ru/l/475997826191458843/","21","21"
"https://vk.com/","https://vk.com/wall-31295460_446574","Не определено","Не определено","https://vk.com/wall-31295460_446574","21","20"
"https://vk.com/","https://vk.com/wall-31295460_532597","Не определено","Не определено","https://vk.com/wall-31295460_532597","21","20"
"https://drive2.ru/","https://drive2.ru/l/","https://drive2.ru/l/464122550855663769/","Не определено","https://drive2.ru/l/464122550855663769/","20","18"
"https://drive2.ru/","https://drive2.ru/l/","https://drive2.ru/l/480640514039742648/","Не определено","https://drive2.ru/l/480640514039742648/","20","15"
"https://drive2.ru/","https://drive2.ru/l/","https://drive2.ru/l/498695594479452280/","Не определено","https://drive2.ru/l/498695594479452280/","20","20"
"https://vk.com/","https://vk.com/wall-31295460_412229","Не определено","Не определено","https://vk.com/wall-31295460_412229","20","17"
"https://vk.com/","https://vk.com/wall-31295460_614538","Не определено","Не определено","https://vk.com/wall-31295460_614538","20","19"
"https://drive2.ru/","https://drive2.ru/l/","https://drive2.ru/l/476490957156515911/","Не определено","https://drive2.ru/l/476490957156515911/","19","18"
"https://vk.com/","https://vk.com/wall-31295460_555096","Не определено","Не определено","https://vk.com/wall-31295460_555096","19","16"
"https://vk.com/","https://vk.com/wall-31295460_629120","Не определено","Не определено","https://vk.com/wall-31295460_629120","19","17"
"https://drive2.ru/","https://drive2.ru/l/","https://drive2.ru/l/510976589605896906/","Не определено","https://drive2.ru/l/510976589605896906/","18","17"
"https://drive2.ru/","https://drive2.ru/l/","https://drive2.ru/l/6137912/","Не определено","https://drive2.ru/l/6137912/","18","17"
"http://ru.aliexpress.com/","http://ru.aliexpress.com/item/","http://ru.aliexpress.com/item/2pcs-Car-Door-Lamps-Switches-Door-Light-Automobiles-Black-Door-Lights-Switches-Wholesale-Free-Shipping/","http://ru.aliexpress.com/item/2pcs-Car-Door-Lamps-Switches-Door-Light-Automobiles-Black-Door-Lights-Switches-Wholesale-Free-Shipping/32330019094.html","http://ru.aliexpress.com/item/2pcs-Car-Door-Lamps-Switches-Door-Light-Automobiles-Black-Door-Lights-Switches-Wholesale-Free-Shipping/32330019094.html","17","10"
"https://drive2.ru/","https://drive2.ru/l/","https://drive2.ru/l/498068323095806575/","Не определено","https://drive2.ru/l/498068323095806575/","17","13"
"https://vk.com/","https://vk.com/photo-31295460_456288715","Не определено","Не определено","https://vk.com/photo-31295460_456288715","17","17"
"https://vk.com/","https://vk.com/wall-130662053_3428","Не определено","Не определено","https://vk.com/wall-130662053_3428","17","17"
"https://vk.com/","https://vk.com/wall-31295460_466940","Не определено","Не определено","https://vk.com/wall-31295460_466940","17","14"
"https://vk.com/","https://vk.com/wall-31295460_538837","Не определено","Не определено","https://vk.com/wall-31295460_538837","17","15"
"https://vk.com/","https://vk.com/wall-31295460_632699?","https://vk.com/wall-31295460_632699?reply=632709","Не определено","https://vk.com/wall-31295460_632699?reply=632709","17","17"
"https://vk.com/","https://vk.com/wall-31295460_638913","Не определено","Не определено","https://vk.com/wall-31295460_638913","17","15"
"http://tourerv.ru/","http://tourerv.ru/forum/","http://tourerv.ru/forum/showthread.php?","http://tourerv.ru/forum/showthread.php?t=80428","http://tourerv.ru/forum/showthread.php?t=80428","16","14"
"https://drive2.ru/","https://drive2.ru/l/","https://drive2.ru/l/4884911/","Не определено","https://drive2.ru/l/4884911/","16","16"
"https://drive2.ru/","https://drive2.ru/l/","https://drive2.ru/l/513571711925354588/","Не определено","https://drive2.ru/l/513571711925354588/","16","13"
"https://m.vk.com/","https://m.vk.com/wall-139119461_37","Не определено","Не определено","https://m.vk.com/wall-139119461_37","16","15"
"https://vk.com/","https://vk.com/wall-31295460_407290","Не определено","Не определено","https://vk.com/wall-31295460_407290","16","16"
"https://vk.com/","https://vk.com/wall-31295460_578454","Не определено","Не определено","https://vk.com/wall-31295460_578454","16","15"
"https://drive2.ru/","https://drive2.ru/l/","https://drive2.ru/l/467845222349407046/","Не определено","https://drive2.ru/l/467845222349407046/","15","15"
"https://drive2.ru/","https://drive2.ru/l/","https://drive2.ru/l/469804552070103233/","Не определено","https://drive2.ru/l/469804552070103233/","15","12"
"https://drive2.ru/","https://drive2.ru/l/","https://drive2.ru/l/5097876/","Не определено","https://drive2.ru/l/5097876/","15","15"
"https://drive2.ru/","https://drive2.ru/l/","https://drive2.ru/l/517298781465608267/","Не определено","https://drive2.ru/l/517298781465608267/","15","13"
"https://vk.com/","https://vk.com/wall-31295460_544607","Не определено","Не определено","https://vk.com/wall-31295460_544607","15","12"
"https://vk.com/","https://vk.com/wall-31295460_570149","Не определено","Не определено","https://vk.com/wall-31295460_570149","15","15"
"https://vk.com/","https://vk.com/wall-31295460_653887","Не определено","Не определено","https://vk.com/wall-31295460_653887","15","15"
"https://drive2.ru/","https://drive2.ru/l/","https://drive2.ru/l/456812447798395787","Не определено","https://drive2.ru/l/456812447798395787","14","14"
"https://drive2.ru/","https://drive2.ru/l/","https://drive2.ru/l/468927141791138873/","Не определено","https://drive2.ru/l/468927141791138873/","14","14"
"https://drive2.ru/","https://drive2.ru/l/","https://drive2.ru/l/488720275236454572/","Не определено","https://drive2.ru/l/488720275236454572/","14","14"
"https://vk.com/","https://vk.com/wall-31295460_554336","Не определено","Не определено","https://vk.com/wall-31295460_554336","14","13"
"https://vk.com/","https://vk.com/wall-31295460_561721","Не определено","Не определено","https://vk.com/wall-31295460_561721","14","14"
"https://vk.com/","https://vk.com/wall-31295460_585585","Не определено","Не определено","https://vk.com/wall-31295460_585585","14","13"
"https://vk.com/","https://vk.com/wall-31295460_625945?","https://vk.com/wall-31295460_625945?reply=625983","Не определено","https://vk.com/wall-31295460_625945?reply=625983","14","14"
"https://youtube.com/","https://youtube.com/watch?","https://youtube.com/watch?time_continue=2&v=eyHjAwZjBSk","Не определено","https://youtube.com/watch?time_continue=2&v=eyHjAwZjBSk","14","14"
"http://samoblok.ru/","http://samoblok.ru/catalog/","http://samoblok.ru/catalog/toyota/","Не определено","http://samoblok.ru/catalog/toyota/","13","12"
"https://drive2.ru/","https://drive2.ru/l/","https://drive2.ru/l/10593858/","Не определено","https://drive2.ru/l/10593858/","13","12"
"https://drive2.ru/","https://drive2.ru/l/","https://drive2.ru/l/1446799/","Не определено","https://drive2.ru/l/1446799/","13","13"
"https://drive2.ru/","https://drive2.ru/l/","https://drive2.ru/l/464120901588222090/","Не определено","https://drive2.ru/l/464120901588222090/","13","11"
"https://drive2.ru/","https://drive2.ru/l/","https://drive2.ru/l/4641641/","Не определено","https://drive2.ru/l/4641641/","13","12"
"https://ru.aliexpress.com/","https://ru.aliexpress.com/item/","https://ru.aliexpress.com/item/Zuk-Toyota-Crown-Previa-Land-Cruiser-Rush-Celica-cressdia-Hilux/","https://ru.aliexpress.com/item/Zuk-Toyota-Crown-Previa-Land-Cruiser-Rush-Celica-cressdia-Hilux/32841438399.html","https://ru.aliexpress.com/item/Zuk-Toyota-Crown-Previa-Land-Cruiser-Rush-Celica-cressdia-Hilux/32841438399.html","13","13"
"https://vk.com/","https://vk.com/wall-31295460_390453","Не определено","Не определено","https://vk.com/wall-31295460_390453","13","13"
"https://vk.com/","https://vk.com/wall-31295460_440952?","https://vk.com/wall-31295460_440952?reply=440955","Не определено","https://vk.com/wall-31295460_440952?reply=440955","13","13"
"https://vk.com/","https://vk.com/wall-31295460_611084","Не определено","Не определено","https://vk.com/wall-31295460_611084","13","12"
"http://kyb.ru/","http://kyb.ru/support/","http://kyb.ru/support/online-catalog?","http://kyb.ru/support/online-catalog?year=1991&firm=Toyota&model=Chaser","http://kyb.ru/support/online-catalog?year=1991&firm=Toyota&model=Chaser","12","12"
"http://toyota.epcdata.ru/","Не определено","Не определено","Не определено","http://toyota.epcdata.ru/","12","12"
"https://drive2.ru/","https://drive2.ru/l/","https://drive2.ru/l/4062246863888635388/","Не определено","https://drive2.ru/l/4062246863888635388/","12","11"
"https://drive2.ru/","https://drive2.ru/l/","https://drive2.ru/l/477850503284261070/","Не определено","https://drive2.ru/l/477850503284261070/","12","12"
"https://drive2.ru/","https://drive2.ru/l/","https://drive2.ru/l/511498307873276477/","Не определено","https://drive2.ru/l/511498307873276477/","12","11"
"https://drive2.ru/","https://drive2.ru/l/","https://drive2.ru/l/7650414","Не определено","https://drive2.ru/l/7650414","12","11"
"https://drive2.ru/","https://drive2.ru/l/","https://drive2.ru/l/9808346/","Не определено","https://drive2.ru/l/9808346/","12","12"
"https://vk.com/","https://vk.com/wall-31295460_410637","Не определено","Не определено","https://vk.com/wall-31295460_410637","12","12"
"https://vk.com/","https://vk.com/wall-31295460_416762","Не определено","Не определено","https://vk.com/wall-31295460_416762","12","11"
"https://vk.com/","https://vk.com/wall-31295460_446511","Не определено","Не определено","https://vk.com/wall-31295460_446511","12","10"
"https://vk.com/","https://vk.com/wall-31295460_510733","Не определено","Не определено","https://vk.com/wall-31295460_510733","12","10"
"https://vk.com/","https://vk.com/wall-31295460_542168#","https://vk.com/wall-31295460_542168#wpt-31295460_542261","Не определено","https://vk.com/wall-31295460_542168#wpt-31295460_542261","12","10"
"https://vk.com/","https://vk.com/wall-31295460_587333","Не определено","Не определено","https://vk.com/wall-31295460_587333","12","11"
"https://vk.com/","https://vk.com/wall-31295460_589489","Не определено","Не определено","https://vk.com/wall-31295460_589489","12","11"
"https://vk.com/","https://vk.com/wall-31295460_615931","Не определено","Не определено","https://vk.com/wall-31295460_615931","12","11"
"http://kmk.nnov.ru/","http://kmk.nnov.ru/autostekla/","http://kmk.nnov.ru/autostekla/?cat=TOYOTA&model=Mark II","Не определено","http://kmk.nnov.ru/autostekla/?cat=TOYOTA&model=Mark II","11","11"
"https://drive2.ru/","https://drive2.ru/c/","https://drive2.ru/c/574975/","Не определено","https://drive2.ru/c/574975/","11","10"
"https://drive2.ru/","https://drive2.ru/l/","https://drive2.ru/l/1988627/","Не определено","https://drive2.ru/l/1988627/","11","11"
"https://drive2.ru/","https://drive2.ru/l/","https://drive2.ru/l/288230376153113359/","Не определено","https://drive2.ru/l/288230376153113359/","11","10"
"https://drive2.ru/","https://drive2.ru/l/","https://drive2.ru/l/3127865/","Не определено","https://drive2.ru/l/3127865/","11","9"
"https://drive2.ru/","https://drive2.ru/l/","https://drive2.ru/l/463400996349935753/","Не определено","https://drive2.ru/l/463400996349935753/","11","11"
"https://drive2.ru/","https://drive2.ru/l/","https://drive2.ru/l/466005464518230134/","Не определено","https://drive2.ru/l/466005464518230134/","11","11"
"https://drive2.ru/","https://drive2.ru/l/","https://drive2.ru/l/469492015889908477/","Не определено","https://drive2.ru/l/469492015889908477/","11","10"
"https://drive2.ru/","https://drive2.ru/l/","https://drive2.ru/l/470582456546755435/","Не определено","https://drive2.ru/l/470582456546755435/","11","11"
"https://drive2.ru/","https://drive2.ru/l/","https://drive2.ru/l/5085463/","Не определено","https://drive2.ru/l/5085463/","11","11"
"https://m.vk.com/","https://m.vk.com/wall-31295460_442150?","https://m.vk.com/wall-31295460_442150?post_add#","https://m.vk.com/wall-31295460_442150?post_add#post_add","https://m.vk.com/wall-31295460_442150?post_add#post_add","11","10"
"https://vk.com/","https://vk.com/id5300733","Не определено","Не определено","https://vk.com/id5300733","11","10"
"https://vk.com/","https://vk.com/wall-106709966_49873","Не определено","Не определено","https://vk.com/wall-106709966_49873","11","11"
"https://vk.com/","https://vk.com/wall-31295460_539798","Не определено","Не определено","https://vk.com/wall-31295460_539798","11","7"
"https://vk.com/","https://vk.com/wall-31295460_617731?","https://vk.com/wall-31295460_617731?reply=617745","Не определено","https://vk.com/wall-31295460_617731?reply=617745","11","11"
"https://youtube.com/","https://youtube.com/watch?","https://youtube.com/watch?v=sv4wn8aNVMI","Не определено","https://youtube.com/watch?v=sv4wn8aNVMI","11","10"
"http://oldschool.co.nz/","http://oldschool.co.nz/index.php?","http://oldschool.co.nz/index.php?/topic/","http://oldschool.co.nz/index.php?/topic/29322-my-fancy-new-car-with-power-windows-and-a-stereo/","http://oldschool.co.nz/index.php?/topic/29322-my-fancy-new-car-with-power-windows-and-a-stereo/page-6#entry1624639","10","10"
"http://s.aliexpress.com/","http://s.aliexpress.com/AnEJFRvQ","Не определено","Не определено","http://s.aliexpress.com/AnEJFRvQ","10","7"
"https://drive2.ru/","https://drive2.ru/l/","https://drive2.ru/l/288230376152572423/","https://drive2.ru/l/288230376152572423/#post","https://drive2.ru/l/288230376152572423/#post","10","8"
"https://drive2.ru/","https://drive2.ru/l/","https://drive2.ru/l/472027489703559275/","Не определено","https://drive2.ru/l/472027489703559275/","10","8"
"https://drive2.ru/","https://drive2.ru/l/","https://drive2.ru/l/496084804119298616/","Не определено","https://drive2.ru/l/496084804119298616/","10","9"
"https://drive2.ru/","https://drive2.ru/l/","https://drive2.ru/l/513571986803261709/","https://drive2.ru/l/513571986803261709/#comments","https://drive2.ru/l/513571986803261709/#comments","10","9"
"https://drive2.ru/","https://drive2.ru/l/","https://drive2.ru/l/8690766/","Не определено","https://drive2.ru/l/8690766/","10","10"
"https://toyota.epcdata.ru/","https://toyota.epcdata.ru/cresta/","https://toyota.epcdata.ru/cresta/jzx81/","https://toyota.epcdata.ru/cresta/jzx81/95761/","https://toyota.epcdata.ru/cresta/jzx81/95761/body/5304/53607A/","10","9"
"https://vk.com/","https://vk.com/wall-31295460_440726?","https://vk.com/wall-31295460_440726?reply=440779","Не определено","https://vk.com/wall-31295460_440726?reply=440779","10","10"
"https://vk.com/","https://vk.com/wall-31295460_507633","Не определено","Не определено","https://vk.com/wall-31295460_507633","10","9"
"https://vk.com/","https://vk.com/wall-31295460_526610","Не определено","Не определено","https://vk.com/wall-31295460_526610","10","10"
"https://vk.com/","https://vk.com/wall-31295460_570249","Не определено","Не определено","https://vk.com/wall-31295460_570249","10","8"
"https://vk.com/","https://vk.com/wall-31295460_583791","Не определено","Не определено","https://vk.com/wall-31295460_583791","10","9"
"https://vk.com/","https://vk.com/wall-31295460_592934","Не определено","Не определено","https://vk.com/wall-31295460_592934","10","9"
"https://vk.com/","https://vk.com/wall-31295460_602641?","https://vk.com/wall-31295460_602641?reply=602713","Не определено","https://vk.com/wall-31295460_602641?reply=602713","10","10"
"https://vk.com/","https://vk.com/wall-31295460_622423","Не определено","Не определено","https://vk.com/wall-31295460_622423","10","8"
"https://vk.com/","https://vk.com/wall-31295460_636103?","https://vk.com/wall-31295460_636103?reply=636125","Не определено","https://vk.com/wall-31295460_636103?reply=636125","10","8"
"http://bona-parts.ru/","http://bona-parts.ru/o-nas","Не определено","Не определено","http://bona-parts.ru/o-nas","9","8"
"https://drive2.ru/","https://drive2.ru/l/","https://drive2.ru/l/452671961886097446/","https://drive2.ru/l/452671961886097446/#a452704672357024016","https://drive2.ru/l/452671961886097446/#a452704672357024016","9","6"
"https://drive2.ru/","https://drive2.ru/l/","https://drive2.ru/l/471392521738519043/","https://drive2.ru/l/471392521738519043/#comments","https://drive2.ru/l/471392521738519043/#comments","9","9"
"https://drive2.ru/","https://drive2.ru/l/","https://drive2.ru/l/476144336115859592/","Не определено","https://drive2.ru/l/476144336115859592/","9","8"
"https://drive2.ru/","https://drive2.ru/l/","https://drive2.ru/l/486742803573899393/","Не определено","https://drive2.ru/l/486742803573899393/","9","9"
"https://drive2.ru/","https://drive2.ru/l/","https://drive2.ru/l/500021330624643091/","https://drive2.ru/l/500021330624643091/#comments","https://drive2.ru/l/500021330624643091/#comments","9","9"
"https://drive2.ru/","https://drive2.ru/l/","https://drive2.ru/l/5105451/","Не определено","https://drive2.ru/l/5105451/","9","9"
"https://drive2.ru/","https://drive2.ru/l/","https://drive2.ru/l/9761282/","Не определено","https://drive2.ru/l/9761282/","9","7"
"https://drive2.ru/","https://drive2.ru/l/","https://drive2.ru/l/9765896/","Не определено","https://drive2.ru/l/9765896/","9","9"
"https://drive2.ru/","https://drive2.ru/l/","https://drive2.ru/l/9880557/","Не определено","https://drive2.ru/l/9880557/","9","9"
"https://forums.drom.ru/","https://forums.drom.ru/toyota-mark-ii-chaser-cresta/","https://forums.drom.ru/toyota-mark-ii-chaser-cresta/t67887.html#","https://forums.drom.ru/toyota-mark-ii-chaser-cresta/t67887.html#post685817","https://forums.drom.ru/toyota-mark-ii-chaser-cresta/t67887.html#post685817","9","8"
"https://github.com/","https://github.com/daks01/","https://github.com/daks01/FAQx81","Не определено","https://github.com/daks01/FAQx81","9","8"
"https://vk.com/","https://vk.com/market-61653724?","https://vk.com/market-61653724?w=product-61653724_111920%2Fquery","Не определено","https://vk.com/market-61653724?w=product-61653724_111920%2Fquery","9","6"
"https://vk.com/","https://vk.com/smt174","Не определено","Не определено","https://vk.com/smt174","9","9"
"https://vk.com/","https://vk.com/wall-31295460_540510","Не определено","Не определено","https://vk.com/wall-31295460_540510","9","5"
"https://vk.com/","https://vk.com/wall-31295460_543490","Не определено","Не определено","https://vk.com/wall-31295460_543490","9","7"
"https://vk.com/","https://vk.com/wall-31295460_547724","Не определено","Не определено","https://vk.com/wall-31295460_547724","9","8"
"https://vk.com/","https://vk.com/wall-31295460_550056","Не определено","Не определено","https://vk.com/wall-31295460_550056","9","9"
"https://vk.com/","https://vk.com/wall-31295460_554839","Не определено","Не определено","https://vk.com/wall-31295460_554839","9","9"
"https://vk.com/","https://vk.com/wall-31295460_570050","Не определено","Не определено","https://vk.com/wall-31295460_570050","9","9"
"https://vk.com/","https://vk.com/wall-31295460_590247","Не определено","Не определено","https://vk.com/wall-31295460_590247","9","8"
"https://vk.com/","https://vk.com/wall-31295460_634459","Не определено","Не определено","https://vk.com/wall-31295460_634459","9","8"
"https://vk.com/","https://vk.com/wall-31295460_638976","Не определено","Не определено","https://vk.com/wall-31295460_638976","9","9"
"https://vk.com/","https://vk.com/wall-52153620_73978","Не определено","Не определено","https://vk.com/wall-52153620_73978","9","8"
"https://vk.com/","https://vk.com/wall-96001230_1416","Не определено","Не определено","https://vk.com/wall-96001230_1416","9","9"
"https://vk.com/","https://vk.com/wall-96463523_311","Не определено","Не определено","https://vk.com/wall-96463523_311","9","6"
"https://vk.com/","https://vk.com/x81squad?","https://vk.com/x81squad?w=wall-31295460_326299","Не определено","https://vk.com/x81squad?w=wall-31295460_326299","9","8"
"http://shop.pilotpowersupply.com/","http://shop.pilotpowersupply.com/konverteryi-pilot-vaf-maf/","http://shop.pilotpowersupply.com/konverteryi-pilot-vaf-maf/konverter-pilot-vaf-maf-prostaya-versiya-0-5v/","Не определено","http://shop.pilotpowersupply.com/konverteryi-pilot-vaf-maf/konverter-pilot-vaf-maf-prostaya-versiya-0-5v/","8","8"
"https://drive2.ru/","https://drive2.ru/l/","https://drive2.ru/l/10240581","Не определено","https://drive2.ru/l/10240581","8","7"
"https://drive2.ru/","https://drive2.ru/l/","https://drive2.ru/l/3127917/","Не определено","https://drive2.ru/l/3127917/","8","5"
"https://drive2.ru/","https://drive2.ru/l/","https://drive2.ru/l/3610124/","Не определено","https://drive2.ru/l/3610124/","8","8"
"https://drive2.ru/","https://drive2.ru/l/","https://drive2.ru/l/465620085692695158/","https://drive2.ru/l/465620085692695158/#comments","https://drive2.ru/l/465620085692695158/#comments","8","7"
"https://drive2.ru/","https://drive2.ru/l/","https://drive2.ru/l/467022512773923331/","Не определено","https://drive2.ru/l/467022512773923331/","8","8"
"https://drive2.ru/","https://drive2.ru/l/","https://drive2.ru/l/482320842684891297/","Не определено","https://drive2.ru/l/482320842684891297/","8","6"
"https://drive2.ru/","https://drive2.ru/l/","https://drive2.ru/l/486343955730923854/","Не определено","https://drive2.ru/l/486343955730923854/","8","8"
"https://drive2.ru/","https://drive2.ru/l/","https://drive2.ru/l/501457842566333746/","Не определено","https://drive2.ru/l/501457842566333746/","8","8"
"https://drive2.ru/","https://drive2.ru/l/","https://drive2.ru/l/8606175/","Не определено","https://drive2.ru/l/8606175/","8","8"
"https://drive2.ru/","https://drive2.ru/l/","https://drive2.ru/l/9505299/","Не определено","https://drive2.ru/l/9505299/","8","8"
"https://vk.com/","https://vk.com/d_apex_works","Не определено","Не определено","https://vk.com/d_apex_works","8","5"
"https://vk.com/","https://vk.com/wall-31295460_523774","Не определено","Не определено","https://vk.com/wall-31295460_523774","8","7"
"https://vk.com/","https://vk.com/wall-31295460_569813?","https://vk.com/wall-31295460_569813?reply=569828","Не определено","https://vk.com/wall-31295460_569813?reply=569828","8","7"
"https://vk.com/","https://vk.com/wall-31295460_593175","Не определено","Не определено","https://vk.com/wall-31295460_593175","8","5"
"https://vk.com/","https://vk.com/wall-31295460_593559","Не определено","Не определено","https://vk.com/wall-31295460_593559","8","7"
"https://vk.com/","https://vk.com/wall-31295460_636352?","https://vk.com/wall-31295460_636352?reply=636355","Не определено","https://vk.com/wall-31295460_636352?reply=636355","8","8"
"https://vk.com/","https://vk.com/wall-31295460_652935","Не определено","Не определено","https://vk.com/wall-31295460_652935","8","8"
"https://vk.com/","https://vk.com/wall-50825044_12386","Не определено","Не определено","https://vk.com/wall-50825044_12386","8","7"
"https://youtu.be/","https://youtu.be/eSZk8unD9n0","Не определено","Не определено","https://youtu.be/eSZk8unD9n0","8","7"
"http://tuningatar.ru/","http://tuningatar.ru/products/","http://tuningatar.ru/products/komplkt-obvesov-perednij-bamper-porogi-zad-bamper-mark2-88-92g","Не определено","http://tuningatar.ru/products/komplkt-obvesov-perednij-bamper-porogi-zad-bamper-mark2-88-92g","7","7"
"https://drive2.ru/","https://drive2.ru/l/","https://drive2.ru/l/2729349/","Не определено","https://drive2.ru/l/2729349/","7","6"
"https://drive2.ru/","https://drive2.ru/l/","https://drive2.ru/l/288230376152036717/","Не определено","https://drive2.ru/l/288230376152036717/","7","7"
"https://drive2.ru/","https://drive2.ru/l/","https://drive2.ru/l/4174883/","Не определено","https://drive2.ru/l/4174883/","7","6"
"https://drive2.ru/","https://drive2.ru/l/","https://drive2.ru/l/465919702611264354/","Не определено","https://drive2.ru/l/465919702611264354/","7","7"
"https://drive2.ru/","https://drive2.ru/l/","https://drive2.ru/l/501645859054683278/","Не определено","https://drive2.ru/l/501645859054683278/","7","7"
"https://drive2.ru/","https://drive2.ru/l/","https://drive2.ru/l/5080333/","Не определено","https://drive2.ru/l/5080333/","7","7"
"https://drive2.ru/","https://drive2.ru/l/","https://drive2.ru/l/9724615/","Не определено","https://drive2.ru/l/9724615/","7","7"
"https://m.vk.com/","https://m.vk.com/wall-31295460_425000#","https://m.vk.com/wall-31295460_425000#wall_reply-31295460_425023","Не определено","https://m.vk.com/wall-31295460_425000#wall_reply-31295460_425023","7","7"
"https://m.vk.com/","https://m.vk.com/wall-31295460_457282?","https://m.vk.com/wall-31295460_457282?post_add#","https://m.vk.com/wall-31295460_457282?post_add#post_add","https://m.vk.com/wall-31295460_457282?post_add#post_add","7","7"
"https://vk.com/","https://vk.com/jz_uz_bmw","Не определено","Не определено","https://vk.com/jz_uz_bmw","7","6"
"https://vk.com/","https://vk.com/market-139119461","Не определено","Не определено","https://vk.com/market-139119461","7","7"
"https://vk.com/","https://vk.com/wall-31295460_512251","Не определено","Не определено","https://vk.com/wall-31295460_512251","7","7"
"https://vk.com/","https://vk.com/wall-31295460_561722","Не определено","Не определено","https://vk.com/wall-31295460_561722","7","7"
"https://vk.com/","https://vk.com/wall-31295460_594280","Не определено","Не определено","https://vk.com/wall-31295460_594280","7","7"
"https://vk.com/","https://vk.com/wall-31295460_595458","Не определено","Не определено","https://vk.com/wall-31295460_595458","7","6"
"https://vk.com/","https://vk.com/wall-31295460_629759","Не определено","Не определено","https://vk.com/wall-31295460_629759","7","7"
"https://vk.com/","https://vk.com/wall-31295460_642126","Не определено","Не определено","https://vk.com/wall-31295460_642126","7","6"
"https://vk.com/","https://vk.com/wall-96001230_798?","https://vk.com/wall-96001230_798?reply=815","Не определено","https://vk.com/wall-96001230_798?reply=815","7","7"
"https://vk.com/","https://vk.com/x81squad?","https://vk.com/x81squad?w=wall-31295460_542764%2Fall","Не определено","https://vk.com/x81squad?w=wall-31295460_542764%2Fall","7","6"
"http://tourerv.ru/","http://tourerv.ru/forum/","http://tourerv.ru/forum/showthread.php?","http://tourerv.ru/forum/showthread.php?t=137345","http://tourerv.ru/forum/showthread.php?t=137345","6","6"
"http://tuningatar.ru/","http://tuningatar.ru/katalog/","http://tuningatar.ru/katalog/mark2-89-92","Не определено","http://tuningatar.ru/katalog/mark2-89-92","6","6"
"https://docs.google.com/","https://docs.google.com/document/","https://docs.google.com/document/d/","https://docs.google.com/document/d/1EmnOwKccweaKGPL7pzkxuUhu5CpYUzxhWhLBU00VKV0/","https://docs.google.com/document/d/1EmnOwKccweaKGPL7pzkxuUhu5CpYUzxhWhLBU00VKV0/edit","6","6"
"https://drive2.ru/","https://drive2.ru/c/","https://drive2.ru/c/2997880/","Не определено","https://drive2.ru/c/2997880/","6","6"
"https://drive2.ru/","https://drive2.ru/l/","https://drive2.ru/l/3493436/","Не определено","https://drive2.ru/l/3493436/","6","3"
"https://drive2.ru/","https://drive2.ru/l/","https://drive2.ru/l/468760016023716076/","Не определено","https://drive2.ru/l/468760016023716076/","6","5"
"https://drive2.ru/","https://drive2.ru/l/","https://drive2.ru/l/471478833401299687/","Не определено","https://drive2.ru/l/471478833401299687/","6","6"
"https://drive2.ru/","https://drive2.ru/l/","https://drive2.ru/l/489274703974761101/","Не определено","https://drive2.ru/l/489274703974761101/","6","6"
"https://drive2.ru/","https://drive2.ru/l/","https://drive2.ru/l/505609598472814918/","Не определено","https://drive2.ru/l/505609598472814918/","6","6"
"https://drive2.ru/","https://drive2.ru/l/","https://drive2.ru/l/509401539199107675","Не определено","https://drive2.ru/l/509401539199107675","6","4"
"https://drive2.ru/","https://drive2.ru/l/","https://drive2.ru/l/511520572983738828/","Не определено","https://drive2.ru/l/511520572983738828/","6","6"
"https://drive2.ru/","https://drive2.ru/l/","https://drive2.ru/l/518117092994581677/","https://drive2.ru/l/518117092994581677/#comments","https://drive2.ru/l/518117092994581677/#comments","6","6"
"https://drive2.ru/","https://drive2.ru/l/","https://drive2.ru/l/5597688/","Не определено","https://drive2.ru/l/5597688/","6","6"
"https://drive2.ru/","https://drive2.ru/l/","https://drive2.ru/l/5615347/","Не определено","https://drive2.ru/l/5615347/","6","6"
"https://drive2.ru/","https://drive2.ru/l/","https://drive2.ru/l/7882169/","Не определено","https://drive2.ru/l/7882169/","6","6"
"https://drive2.ru/","https://drive2.ru/l/","https://drive2.ru/l/9765363","Не определено","https://drive2.ru/l/9765363","6","5"
"https://vk.com/","https://vk.com/harvesttrans","Не определено","Не определено","https://vk.com/harvesttrans","6","6"
"https://vk.com/","https://vk.com/public143577202","Не определено","Не определено","https://vk.com/public143577202","6","6"
"https://vk.com/","https://vk.com/wall-106709966_37853","Не определено","Не определено","https://vk.com/wall-106709966_37853","6","6"
"https://vk.com/","https://vk.com/wall-31295460_499592","Не определено","Не определено","https://vk.com/wall-31295460_499592","6","6"
"https://vk.com/","https://vk.com/wall-31295460_512411","Не определено","Не определено","https://vk.com/wall-31295460_512411","6","6"
"https://vk.com/","https://vk.com/wall-31295460_527703","Не определено","Не определено","https://vk.com/wall-31295460_527703","6","6"
"https://vk.com/","https://vk.com/wall-31295460_558664","Не определено","Не определено","https://vk.com/wall-31295460_558664","6","6"
"https://vk.com/","https://vk.com/wall-31295460_559109","Не определено","Не определено","https://vk.com/wall-31295460_559109","6","5"
"https://vk.com/","https://vk.com/wall-31295460_593511","Не определено","Не определено","https://vk.com/wall-31295460_593511","6","6"
"https://vk.com/","https://vk.com/wall-31295460_595774","Не определено","Не определено","https://vk.com/wall-31295460_595774","6","6"
"https://vk.com/","https://vk.com/wall-31295460_603229?","https://vk.com/wall-31295460_603229?reply=603335","Не определено","https://vk.com/wall-31295460_603229?reply=603335","6","5"
"https://vk.com/","https://vk.com/wall-31295460_618938","Не определено","Не определено","https://vk.com/wall-31295460_618938","6","6"
"https://vk.com/","https://vk.com/wall-31295460_632778","Не определено","Не определено","https://vk.com/wall-31295460_632778","6","5"
"https://vk.com/","https://vk.com/wall-31295460_659373","Не определено","Не определено","https://vk.com/wall-31295460_659373","6","6"
"https://vk.com/","https://vk.com/wall-96463523_163","Не определено","Не определено","https://vk.com/wall-96463523_163","6","5"
"https://vk.com/","https://vk.com/x81squad?","https://vk.com/x81squad?w=wall-31295460_468988","Не определено","https://vk.com/x81squad?w=wall-31295460_468988","6","6"
"http://r8-parts.ru/","http://r8-parts.ru/ru/","http://r8-parts.ru/ru/catalog/","http://r8-parts.ru/ru/catalog/filter.html?","http://r8-parts.ru/ru/catalog/filter.html?brandId=1&modelId=28&body=438","5","5"
"http://ru.aliexpress.com/","http://ru.aliexpress.com/item/","http://ru.aliexpress.com/item/2pcs-Car-Door-Lamps-Switches-Door-Light-Automobiles-Black-Door-Lights-Switches-Wholesale-Free-Shipping/","http://ru.aliexpress.com/item/2pcs-Car-Door-Lamps-Switches-Door-Light-Automobiles-Black-Door-Lights-Switches-Wholesale-Free-Shipping/32330019094.html?","http://ru.aliexpress.com/item/2pcs-Car-Door-Lamps-Switches-Door-Light-Automobiles-Black-Door-Lights-Switches-Wholesale-Free-Shipping/32330019094.html?spm=2114.13010608.0.136.WNuUDs","5","5"
"http://tuningatar.ru/","http://tuningatar.ru/products/","http://tuningatar.ru/products/komplkt-bigwin-perednij-bamper-porogi-zad-bamper-mark2-92g","Не определено","http://tuningatar.ru/products/komplkt-bigwin-perednij-bamper-porogi-zad-bamper-mark2-92g","5","5"
"http://tuningatar.ru/","http://tuningatar.ru/products/","http://tuningatar.ru/products/komplkt-obvesov-okuto-perednij-bamper-porogi-zad-bamper-mark2-88-92g","Не определено","http://tuningatar.ru/products/komplkt-obvesov-okuto-perednij-bamper-porogi-zad-bamper-mark2-88-92g","5","5"
"https://drive2.ru/","https://drive2.ru/b/","https://drive2.ru/b/288230376152219250/","Не определено","https://drive2.ru/b/288230376152219250/","5","5"
"https://drive2.ru/","https://drive2.ru/l/","https://drive2.ru/l/3493488/","Не определено","https://drive2.ru/l/3493488/","5","4"
"https://drive2.ru/","https://drive2.ru/l/","https://drive2.ru/l/4412712/","Не определено","https://drive2.ru/l/4412712/","5","5"
"https://drive2.ru/","https://drive2.ru/l/","https://drive2.ru/l/452176082141970512/","Не определено","https://drive2.ru/l/452176082141970512/","5","5"
"https://drive2.ru/","https://drive2.ru/l/","https://drive2.ru/l/460341605245648992/","Не определено","https://drive2.ru/l/460341605245648992/","5","5"
"https://drive2.ru/","https://drive2.ru/l/","https://drive2.ru/l/461263270867633980/","Не определено","https://drive2.ru/l/461263270867633980/","5","5"
"https://drive2.ru/","https://drive2.ru/l/","https://drive2.ru/l/465620910326416279/","Не определено","https://drive2.ru/l/465620910326416279/","5","5"
"https://drive2.ru/","https://drive2.ru/l/","https://drive2.ru/l/470294109622370852/","Не определено","https://drive2.ru/l/470294109622370852/","5","5"
"https://drive2.ru/","https://drive2.ru/l/","https://drive2.ru/l/472948880447635527/","Не определено","https://drive2.ru/l/472948880447635527/","5","4"
"https://drive2.ru/","https://drive2.ru/l/","https://drive2.ru/l/480091582859575670/","Не определено","https://drive2.ru/l/480091582859575670/","5","5"
"https://drive2.ru/","https://drive2.ru/l/","https://drive2.ru/l/491014681125716115/","Не определено","https://drive2.ru/l/491014681125716115/","5","5"
"https://drive2.ru/","https://drive2.ru/l/","https://drive2.ru/l/500049093293244967/","Не определено","https://drive2.ru/l/500049093293244967/","5","4"
"https://drive2.ru/","https://drive2.ru/l/","https://drive2.ru/l/503782485025359013/","Не определено","https://drive2.ru/l/503782485025359013/","5","4"
"https://drive2.ru/","https://drive2.ru/l/","https://drive2.ru/l/9010161/","Не определено","https://drive2.ru/l/9010161/","5","5"
"https://drive2.ru/","https://drive2.ru/l/","https://drive2.ru/l/9558775/","Не определено","https://drive2.ru/l/9558775/","5","5"
"https://drive2.ru/","https://drive2.ru/l/","https://drive2.ru/l/9752969/","Не определено","https://drive2.ru/l/9752969/","5","4"
"https://farpost.ru/","https://farpost.ru/vladivostok/","https://farpost.ru/vladivostok/auto/","https://farpost.ru/vladivostok/auto/sell_spare_parts/","https://farpost.ru/vladivostok/auto/sell_spare_parts/tjaga-ruchek-bokovyh-dverej-69293-12060-g2009855930.html","5","5"
"https://github.com/","https://github.com/daks01/","https://github.com/daks01/FAQx81/","https://github.com/daks01/FAQx81/issues/","https://github.com/daks01/FAQx81/issues/new","5","4"
"https://ru.aliexpress.com/","https://ru.aliexpress.com/item/","https://ru.aliexpress.com/item/1PCS-Universal-Auto-Car-Vehicle-Interior-Door-Light-Lamp-Switch-Push-Button-Interior-Parts-Black/","https://ru.aliexpress.com/item/1PCS-Universal-Auto-Car-Vehicle-Interior-Door-Light-Lamp-Switch-Push-Button-Interior-Parts-Black/32662769499.html?","https://ru.aliexpress.com/item/1PCS-Universal-Auto-Car-Vehicle-Interior-Door-Light-Lamp-Switch-Push-Button-Interior-Parts-Black/32662769499.html?shortkey=aAjYneea&addresstype=600","5","5"
"https://vk.com/","https://vk.com/wall-139119461_48","Не определено","Не определено","https://vk.com/wall-139119461_48","5","5"
"https://vk.com/","https://vk.com/wall-31295460_405370","Не определено","Не определено","https://vk.com/wall-31295460_405370","5","5"
"https://vk.com/","https://vk.com/wall-31295460_408530","Не определено","Не определено","https://vk.com/wall-31295460_408530","5","5"
"https://vk.com/","https://vk.com/wall-31295460_415033","Не определено","Не определено","https://vk.com/wall-31295460_415033","5","5"
"https://vk.com/","https://vk.com/wall-31295460_504955","Не определено","Не определено","https://vk.com/wall-31295460_504955","5","5"
"https://vk.com/","https://vk.com/wall-31295460_509821","Не определено","Не определено","https://vk.com/wall-31295460_509821","5","5"
"https://vk.com/","https://vk.com/wall-31295460_594530","Не определено","Не определено","https://vk.com/wall-31295460_594530","5","4"
"https://vk.com/","https://vk.com/wall-31295460_600139","Не определено","Не определено","https://vk.com/wall-31295460_600139","5","5"
"https://vk.com/","https://vk.com/wall-31295460_620100","Не определено","Не определено","https://vk.com/wall-31295460_620100","5","3"
"https://vk.com/","https://vk.com/wall-31295460_621531","Не определено","Не определено","https://vk.com/wall-31295460_621531","5","5"
"https://vk.com/","https://vk.com/wall-96001230_1216","Не определено","Не определено","https://vk.com/wall-96001230_1216","5","5"
"https://vk.com/","https://vk.com/x81squad?","https://vk.com/x81squad?w=wall-31295460_538582%2Fall","Не определено","https://vk.com/x81squad?w=wall-31295460_538582%2Fall","5","5"
"http://tourerv.ru/","http://tourerv.ru/forum/","http://tourerv.ru/forum/forumdisplay.php?","http://tourerv.ru/forum/forumdisplay.php?f=80","http://tourerv.ru/forum/forumdisplay.php?f=80","4","4"
"http://tourerv.ru/","http://tourerv.ru/forum/","http://tourerv.ru/forum/showpost.php?","http://tourerv.ru/forum/showpost.php?p=2234912&postcount=47","http://tourerv.ru/forum/showpost.php?p=2234912&postcount=47","4","4"
"http://tourerv.ru/","http://tourerv.ru/forum/","http://tourerv.ru/forum/showthread.php?","http://tourerv.ru/forum/showthread.php?t=75380&page=4#","http://tourerv.ru/forum/showthread.php?t=75380&page=4#post1801459","4","4"
"http://tuningatar.ru/","http://tuningatar.ru/products/","http://tuningatar.ru/products/komplkt-bamper-porogi-zad-bamper-mark2-88-92g","Не определено","http://tuningatar.ru/products/komplkt-bamper-porogi-zad-bamper-mark2-88-92g","4","4"
"http://tuningatar.ru/","http://tuningatar.ru/products/","http://tuningatar.ru/products/obvesov-final-perednij-bamper-porogi-zad-bamper-mark2-92g","Не определено","http://tuningatar.ru/products/obvesov-final-perednij-bamper-porogi-zad-bamper-mark2-92g","4","4"
"https://drive2.ru/","https://drive2.ru/b/","https://drive2.ru/b/1091965","Не определено","https://drive2.ru/b/1091965","4","4"
"https://drive2.ru/","https://drive2.ru/b/","https://drive2.ru/b/2102016/","Не определено","https://drive2.ru/b/2102016/","4","3"
"https://drive2.ru/","https://drive2.ru/b/","https://drive2.ru/b/517440618465591499/","Не определено","https://drive2.ru/b/517440618465591499/","4","4"
"https://drive2.ru/","https://drive2.ru/c/","https://drive2.ru/c/2167643/","Не определено","https://drive2.ru/c/2167643/","4","3"
"https://drive2.ru/","https://drive2.ru/c/","https://drive2.ru/c/2723627/","Не определено","https://drive2.ru/c/2723627/","4","3"
"https://drive2.ru/","https://drive2.ru/l/","https://drive2.ru/l/246526/","Не определено","https://drive2.ru/l/246526/","4","4"
"https://drive2.ru/","https://drive2.ru/l/","https://drive2.ru/l/3420488/","https://drive2.ru/l/3420488/?page=0#","https://drive2.ru/l/3420488/?page=0#a149127070","4","4"
"https://drive2.ru/","https://drive2.ru/l/","https://drive2.ru/l/4610263/","Не определено","https://drive2.ru/l/4610263/","4","3"
"https://drive2.ru/","https://drive2.ru/l/","https://drive2.ru/l/471703408651273834/","Не определено","https://drive2.ru/l/471703408651273834/","4","4"
"https://drive2.ru/","https://drive2.ru/l/","https://drive2.ru/l/475128387371794569/","https://drive2.ru/l/475128387371794569/#comments","https://drive2.ru/l/475128387371794569/#comments","4","4"
"https://drive2.ru/","https://drive2.ru/l/","https://drive2.ru/l/490164483759538455/","Не определено","https://drive2.ru/l/490164483759538455/","4","4"
"https://drive2.ru/","https://drive2.ru/l/","https://drive2.ru/l/490587520858325032/","Не определено","https://drive2.ru/l/490587520858325032/","4","4"
"https://drive2.ru/","https://drive2.ru/l/","https://drive2.ru/l/501173069054738686/","Не определено","https://drive2.ru/l/501173069054738686/","4","4"
"https://drive2.ru/","https://drive2.ru/l/","https://drive2.ru/l/509058766449148561/","https://drive2.ru/l/509058766449148561/?m=509132708606116372&page=0#","https://drive2.ru/l/509058766449148561/?m=509132708606116372&page=0#a509132708606116372","4","4"
"https://drive2.ru/","https://drive2.ru/l/","https://drive2.ru/l/519429085244424405/","Не определено","https://drive2.ru/l/519429085244424405/","4","4"
"https://drive2.ru/","https://drive2.ru/l/","https://drive2.ru/l/8356417/","https://drive2.ru/l/8356417/?page=0#","https://drive2.ru/l/8356417/?page=0#a147701305","4","4"
"https://drive2.ru/","https://drive2.ru/l/","https://drive2.ru/l/9869025/","Не определено","https://drive2.ru/l/9869025/","4","4"
"https://drive2.ru/","https://drive2.ru/users/","https://drive2.ru/users/vir17o9/","https://drive2.ru/users/vir17o9/#blog","https://drive2.ru/users/vir17o9/#blog","4","4"
"https://github.com/","https://github.com/join?","https://github.com/join?return_to=https:%2F%2Fgithub.com%2Fdaks01%2FFAQx81%2Fissues%2Fnew&source=login","Не определено","https://github.com/join?return_to=https:%2F%2Fgithub.com%2Fdaks01%2FFAQx81%2Fissues%2Fnew&source=login","4","3"
"https://play.google.com/","https://play.google.com/store/","https://play.google.com/store/apps/","https://play.google.com/store/apps/details?","https://play.google.com/store/apps/details?id=zfapps.toyobd1","4","4"
"https://ru.aliexpress.com/","https://ru.aliexpress.com/item/","https://ru.aliexpress.com/item/TOYOTA/","https://ru.aliexpress.com/item/TOYOTA/32889333373.html","https://ru.aliexpress.com/item/TOYOTA/32889333373.html","4","4"
"https://toyota.epcdata.ru/","https://toyota.epcdata.ru/cresta/","https://toyota.epcdata.ru/cresta/jzx81/","https://toyota.epcdata.ru/cresta/jzx81/95761/","https://toyota.epcdata.ru/cresta/jzx81/95761/body/5304/53692/","4","4"
"https://vk.com/","https://vk.com/album-61653724_183002895","Не определено","Не определено","https://vk.com/album-61653724_183002895","4","2"
"https://vk.com/","https://vk.com/albums-37846447?","https://vk.com/albums-37846447?z=photo-37846447_305232618%2Fphotos-37846447","Не определено","https://vk.com/albums-37846447?z=photo-37846447_305232618%2Fphotos-37846447","4","4"
"https://vk.com/","https://vk.com/market-61653724","Не определено","Не определено","https://vk.com/market-61653724","4","3"
"https://vk.com/","https://vk.com/smt174?","https://vk.com/smt174?z=album-96001230_229444187","Не определено","https://vk.com/smt174?z=album-96001230_229444187","4","3"
"https://vk.com/","https://vk.com/wall-106709966_58206","Не определено","Не определено","https://vk.com/wall-106709966_58206","4","4"
"https://vk.com/","https://vk.com/wall-31295460_419572","Не определено","Не определено","https://vk.com/wall-31295460_419572","4","4"
"https://vk.com/","https://vk.com/wall-31295460_454538","Не определено","Не определено","https://vk.com/wall-31295460_454538","4","4"
"https://vk.com/","https://vk.com/wall-31295460_505699","Не определено","Не определено","https://vk.com/wall-31295460_505699","4","4"
"https://vk.com/","https://vk.com/wall-31295460_560297","Не определено","Не определено","https://vk.com/wall-31295460_560297","4","4"
"https://vk.com/","https://vk.com/wall-31295460_618985?","https://vk.com/wall-31295460_618985?reply=619033","Не определено","https://vk.com/wall-31295460_618985?reply=619033","4","4"
"https://vk.com/","https://vk.com/wall-31295460_620472?","https://vk.com/wall-31295460_620472?reply=620569","Не определено","https://vk.com/wall-31295460_620472?reply=620569","4","4"
"https://vk.com/","https://vk.com/wall-31295460_637563","Не определено","Не определено","https://vk.com/wall-31295460_637563","4","4"
"https://vk.com/","https://vk.com/wall-31295460_638241","Не определено","Не определено","https://vk.com/wall-31295460_638241","4","4"
"https://vk.com/","https://vk.com/wall-96463523_601","Не определено","Не определено","https://vk.com/wall-96463523_601","4","4"
"http://jikiu.com/","http://jikiu.com/catalogue/","http://jikiu.com/catalogue/#/88/","http://jikiu.com/catalogue/#/88/21138/","http://jikiu.com/catalogue/#/88/21138/jzx81","3","2"
"http://tourerv.ru/","http://tourerv.ru/forum/","http://tourerv.ru/forum/showthread.php?","http://tourerv.ru/forum/showthread.php?t=25635","http://tourerv.ru/forum/showthread.php?t=25635","3","2"
"http://tourerv.ru/","http://tourerv.ru/forum/","http://tourerv.ru/forum/showthread.php?","http://tourerv.ru/forum/showthread.php?t=75380&page=4#","http://tourerv.ru/forum/showthread.php?t=75380&page=4#post1803263","3","2"
"http://tuningatar.ru/","http://tuningatar.ru/products/","http://tuningatar.ru/products/komplkt-obvesov-porogi-zad-bamper-mark2-92g","Не определено","http://tuningatar.ru/products/komplkt-obvesov-porogi-zad-bamper-mark2-92g","3","3"
"https://ajs.su/","https://ajs.su/rasporki/","https://ajs.su/rasporki/toyota-upor-gtc-gx81-siniy/","Не определено","https://ajs.su/rasporki/toyota-upor-gtc-gx81-siniy/","3","3"
"https://drive2.ru/","https://drive2.ru/b/","https://drive2.ru/b/2526670/","Не определено","https://drive2.ru/b/2526670/","3","3"
"https://drive2.ru/","https://drive2.ru/l/","https://drive2.ru/l/1245049/","Не определено","https://drive2.ru/l/1245049/","3","3"
"https://drive2.ru/","https://drive2.ru/l/","https://drive2.ru/l/1249857/","Не определено","https://drive2.ru/l/1249857/","3","2"
"https://drive2.ru/","https://drive2.ru/l/","https://drive2.ru/l/2913839/","Не определено","https://drive2.ru/l/2913839/","3","2"
"https://drive2.ru/","https://drive2.ru/l/","https://drive2.ru/l/455722831775279913","Не определено","https://drive2.ru/l/455722831775279913","3","3"
"https://drive2.ru/","https://drive2.ru/l/","https://drive2.ru/l/455726680065989336/","Не определено","https://drive2.ru/l/455726680065989336/","3","2"
"https://drive2.ru/","https://drive2.ru/l/","https://drive2.ru/l/463621448431305808/","Не определено","https://drive2.ru/l/463621448431305808/","3","3"
"https://drive2.ru/","https://drive2.ru/l/","https://drive2.ru/l/473678956168479211/","https://drive2.ru/l/473678956168479211/#comments","https://drive2.ru/l/473678956168479211/#comments","3","3"
"https://drive2.ru/","https://drive2.ru/l/","https://drive2.ru/l/481027267254812850/","Не определено","https://drive2.ru/l/481027267254812850/","3","3"
"https://drive2.ru/","https://drive2.ru/l/","https://drive2.ru/l/482545967690678391/","Не определено","https://drive2.ru/l/482545967690678391/","3","3"
"https://drive2.ru/","https://drive2.ru/l/","https://drive2.ru/l/483353558981279922/","Не определено","https://drive2.ru/l/483353558981279922/","3","3"
"https://drive2.ru/","https://drive2.ru/l/","https://drive2.ru/l/488028682422583481/","Не определено","https://drive2.ru/l/488028682422583481/","3","3"
"https://drive2.ru/","https://drive2.ru/l/","https://drive2.ru/l/489983614096769658/","Не определено","https://drive2.ru/l/489983614096769658/","3","3"
"https://drive2.ru/","https://drive2.ru/l/","https://drive2.ru/l/4899916394579151048/","https://drive2.ru/l/4899916394579151048/#post!","https://drive2.ru/l/4899916394579151048/#post!","3","3"
"https://drive2.ru/","https://drive2.ru/l/","https://drive2.ru/l/5007108/","Не определено","https://drive2.ru/l/5007108/","3","2"
"https://drive2.ru/","https://drive2.ru/l/","https://drive2.ru/l/515321034925146636/","Не определено","https://drive2.ru/l/515321034925146636/","3","2"
"https://drive2.ru/","https://drive2.ru/l/","https://drive2.ru/l/520064053209464844/","Не определено","https://drive2.ru/l/520064053209464844/","3","3"
"https://drive2.ru/","https://drive2.ru/l/","https://drive2.ru/l/9057201/","Не определено","https://drive2.ru/l/9057201/","3","3"
"https://drive2.ru/","https://drive2.ru/l/","https://drive2.ru/l/9337041#","https://drive2.ru/l/9337041#a164735154","https://drive2.ru/l/9337041#a164735154","3","3"
"https://drive2.ru/","https://drive2.ru/l/","https://drive2.ru/l/9792807/","https://drive2.ru/l/9792807/#comments","https://drive2.ru/l/9792807/#comments","3","3"
"https://farpost.ru/","https://farpost.ru/novouralsk/","https://farpost.ru/novouralsk/auto/","https://farpost.ru/novouralsk/auto/sell_spare_parts/","https://farpost.ru/novouralsk/auto/sell_spare_parts/reshetka-gx81-fara-63548861.html","3","3"
"https://vk.com/","https://vk.com/Agf81","Не определено","Не определено","https://vk.com/Agf81","3","3"
"https://vk.com/","https://vk.com/feed?","https://vk.com/feed?w=wall-31295460_296418","Не определено","https://vk.com/feed?w=wall-31295460_296418","3","3"
"https://vk.com/","https://vk.com/photo5300733_426975794","Не определено","Не определено","https://vk.com/photo5300733_426975794","3","3"
"https://vk.com/","https://vk.com/wall-28505109_19231","Не определено","Не определено","https://vk.com/wall-28505109_19231","3","3"
"https://vk.com/","https://vk.com/wall-31295460_385434","Не определено","Не определено","https://vk.com/wall-31295460_385434","3","3"
"https://vk.com/","https://vk.com/wall-31295460_388648","Не определено","Не определено","https://vk.com/wall-31295460_388648","3","3"
"https://vk.com/","https://vk.com/wall-31295460_419572?","https://vk.com/wall-31295460_419572?reply=419607","Не определено","https://vk.com/wall-31295460_419572?reply=419607","3","3"
"https://vk.com/","https://vk.com/wall-31295460_420639","Не определено","Не определено","https://vk.com/wall-31295460_420639","3","3"
"https://vk.com/","https://vk.com/wall-31295460_442828","Не определено","Не определено","https://vk.com/wall-31295460_442828","3","3"
"https://vk.com/","https://vk.com/wall-31295460_518150","Не определено","Не определено","https://vk.com/wall-31295460_518150","3","3"
"https://vk.com/","https://vk.com/wall-31295460_531373","Не определено","Не определено","https://vk.com/wall-31295460_531373","3","3"
"https://vk.com/","https://vk.com/wall-31295460_544574","Не определено","Не определено","https://vk.com/wall-31295460_544574","3","3"
"https://vk.com/","https://vk.com/wall-31295460_551342","Не определено","Не определено","https://vk.com/wall-31295460_551342","3","3"
"https://vk.com/","https://vk.com/wall-31295460_590647?","https://vk.com/wall-31295460_590647?reply=590664","Не определено","https://vk.com/wall-31295460_590647?reply=590664","3","3"
"https://vk.com/","https://vk.com/wall-31295460_598351","Не определено","Не определено","https://vk.com/wall-31295460_598351","3","3"
"https://vk.com/","https://vk.com/wall-31295460_598396","Не определено","Не определено","https://vk.com/wall-31295460_598396","3","3"
"https://vk.com/","https://vk.com/wall-31295460_609732?","https://vk.com/wall-31295460_609732?reply=609761","Не определено","https://vk.com/wall-31295460_609732?reply=609761","3","3"
"https://vk.com/","https://vk.com/wall-31295460_611272","Не определено","Не определено","https://vk.com/wall-31295460_611272","3","3"
"https://vk.com/","https://vk.com/wall-31295460_619009","Не определено","Не определено","https://vk.com/wall-31295460_619009","3","2"
"https://vk.com/","https://vk.com/wall-31295460_630678","Не определено","Не определено","https://vk.com/wall-31295460_630678","3","3"
"https://vk.com/","https://vk.com/wall-31295460_634417","Не определено","Не определено","https://vk.com/wall-31295460_634417","3","3"
"https://vk.com/","https://vk.com/wall-31295460_634417?","https://vk.com/wall-31295460_634417?reply=634906","Не определено","https://vk.com/wall-31295460_634417?reply=634906","3","3"
"https://vk.com/","https://vk.com/wall-31295460_664350","Не определено","Не определено","https://vk.com/wall-31295460_664350","3","3"
"https://vk.com/","https://vk.com/wall-50825044_13163","Не определено","Не определено","https://vk.com/wall-50825044_13163","3","3"
"https://youtu.be/","https://youtu.be/xtWv6iVoQqg","Не определено","Не определено","https://youtu.be/xtWv6iVoQqg","3","3"
"https://youtube.com/","https://youtube.com/watch?","https://youtube.com/watch?v=ODcGWn9yhpE","Не определено","https://youtube.com/watch?v=ODcGWn9yhpE","3","3"
"http://ajs.su/","http://ajs.su/search/","http://ajs.su/search/?query=jzx81","Не определено","http://ajs.su/search/?query=jzx81","2","2"
"http://dion-club.ru/","http://dion-club.ru/forums/","http://dion-club.ru/forums/index.php?","http://dion-club.ru/forums/index.php?showtopic=297&st=0#","http://dion-club.ru/forums/index.php?showtopic=297&st=0#post-main-2113","2","2"
"http://forums.drom.ru/","http://forums.drom.ru/attachment.php?","http://forums.drom.ru/attachment.php?attachmentid=5587378&d=1448027879","Не определено","http://forums.drom.ru/attachment.php?attachmentid=5587378&d=1448027879","2","2"
"http://netiznosa.ru/","http://netiznosa.ru/catalog/","http://netiznosa.ru/catalog/?prod=21376&model=21969&year=22275&number=0&find=","Не определено","http://netiznosa.ru/catalog/?prod=21376&model=21969&year=22275&number=0&find=","2","2"
"http://nomura-parts.ru/","http://nomura-parts.ru/products2/","http://nomura-parts.ru/products2/amort.html","Не определено","http://nomura-parts.ru/products2/amort.html","2","2"
"http://technicoracing.com/","http://technicoracing.com/cs/","http://technicoracing.com/cs/index.php?","http://technicoracing.com/cs/index.php?dispatch=products.view&product_id=264","http://technicoracing.com/cs/index.php?dispatch=products.view&product_id=264","2","2"
"https://drive2.ru/","https://drive2.ru/c/","https://drive2.ru/c/1104780/","Не определено","https://drive2.ru/c/1104780/","2","2"
"https://drive2.ru/","https://drive2.ru/l/","https://drive2.ru/l/10477537/","Не определено","https://drive2.ru/l/10477537/","2","2"
"https://drive2.ru/","https://drive2.ru/l/","https://drive2.ru/l/10593960/","Не определено","https://drive2.ru/l/10593960/","2","2"
"https://drive2.ru/","https://drive2.ru/l/","https://drive2.ru/l/1178120/","Не определено","https://drive2.ru/l/1178120/","2","2"
"https://drive2.ru/","https://drive2.ru/l/","https://drive2.ru/l/288230376152059883","Не определено","https://drive2.ru/l/288230376152059883","2","2"
"https://drive2.ru/","https://drive2.ru/l/","https://drive2.ru/l/457168139809980920/","Не определено","https://drive2.ru/l/457168139809980920/","2","2"
"https://drive2.ru/","https://drive2.ru/l/","https://drive2.ru/l/465620085692695158/","Не определено","https://drive2.ru/l/465620085692695158/","2","2"
"https://drive2.ru/","https://drive2.ru/l/","https://drive2.ru/l/467437028657595252/","https://drive2.ru/l/467437028657595252/?m=467646210744778922&page=0#","https://drive2.ru/l/467437028657595252/?m=467646210744778922&page=0#a467646210744778922","2","2"
"https://drive2.ru/","https://drive2.ru/l/","https://drive2.ru/l/471139634064130884/","Не определено","https://drive2.ru/l/471139634064130884/","2","1"
"https://drive2.ru/","https://drive2.ru/l/","https://drive2.ru/l/480092132615389486/","Не определено","https://drive2.ru/l/480092132615389486/","2","2"
"https://drive2.ru/","https://drive2.ru/l/","https://drive2.ru/l/488940452439916762/","Не определено","https://drive2.ru/l/488940452439916762/","2","2"
"https://drive2.ru/","https://drive2.ru/l/","https://drive2.ru/l/499962231874650505/","Не определено","https://drive2.ru/l/499962231874650505/","2","2"
"https://drive2.ru/","https://drive2.ru/l/","https://drive2.ru/l/503322064531226999/","https://drive2.ru/l/503322064531226999/?m=503360822316107074&page=0#","https://drive2.ru/l/503322064531226999/?m=503360822316107074&page=0#a503360822316107074","2","2"
"https://drive2.ru/","https://drive2.ru/l/","https://drive2.ru/l/507784982228369686/","Не определено","https://drive2.ru/l/507784982228369686/","2","2"
"https://drive2.ru/","https://drive2.ru/l/","https://drive2.ru/l/513892219564851638/","Не определено","https://drive2.ru/l/513892219564851638/","2","2"
"https://drive2.ru/","https://drive2.ru/l/","https://drive2.ru/l/519741896302527007/","Не определено","https://drive2.ru/l/519741896302527007/","2","2"
"https://drive2.ru/","https://drive2.ru/l/","https://drive2.ru/l/6098/","Не определено","https://drive2.ru/l/6098/","2","2"
"https://drive2.ru/","https://drive2.ru/l/","https://drive2.ru/l/6835373/","Не определено","https://drive2.ru/l/6835373/","2","2"
"https://drive2.ru/","https://drive2.ru/l/","https://drive2.ru/l/7310021/","Не определено","https://drive2.ru/l/7310021/","2","2"
"https://drive2.ru/","https://drive2.ru/l/","https://drive2.ru/l/7895580/","Не определено","https://drive2.ru/l/7895580/","2","2"
"https://drive2.ru/","https://drive2.ru/l/","https://drive2.ru/l/8779699/","Не определено","https://drive2.ru/l/8779699/","2","2"
"https://drive2.ru/","https://drive2.ru/l/","https://drive2.ru/l/9040400/","https://drive2.ru/l/9040400/#comments","https://drive2.ru/l/9040400/#comments","2","2"
"https://drive2.ru/","https://drive2.ru/l/","https://drive2.ru/l/9197944/","Не определено","https://drive2.ru/l/9197944/","2","2"
"https://drive2.ru/","https://drive2.ru/l/","https://drive2.ru/l/9929968/","Не определено","https://drive2.ru/l/9929968/","2","2"
"https://instagram.com/","https://instagram.com/p/","https://instagram.com/p/BhvyCcNl25v/","Не определено","https://instagram.com/p/BhvyCcNl25v/","2","2"
"https://vk.com/","https://vk.com/foma128","Не определено","Не определено","https://vk.com/foma128","2","2"
"https://vk.com/","https://vk.com/gtcomposite?","https://vk.com/gtcomposite?z=photo-106467375_388323624%2Falbum-106467375_223381356%2Frev","Не определено","https://vk.com/gtcomposite?z=photo-106467375_388323624%2Falbum-106467375_223381356%2Frev","2","2"
"https://vk.com/","https://vk.com/market-55766193?","https://vk.com/market-55766193?w=product-55766193_746","Не определено","https://vk.com/market-55766193?w=product-55766193_746","2","2"
"https://vk.com/","https://vk.com/market-96001230?","https://vk.com/market-96001230?w=product-96001230_814748%2Fquery","Не определено","https://vk.com/market-96001230?w=product-96001230_814748%2Fquery","2","2"
"https://vk.com/","https://vk.com/share.php?","https://vk.com/share.php?url=https:%2F%2Fdaks01.github.io%2FFAQx81%2F&title=faq x81","Не определено","https://vk.com/share.php?url=https:%2F%2Fdaks01.github.io%2FFAQx81%2F&title=faq x81","2","2"
"https://vk.com/","https://vk.com/wall-106709966_48465","Не определено","Не определено","https://vk.com/wall-106709966_48465","2","2"
"https://vk.com/","https://vk.com/wall-106709966_52263","Не определено","Не определено","https://vk.com/wall-106709966_52263","2","2"
"https://vk.com/","https://vk.com/wall-106709966_53297","Не определено","Не определено","https://vk.com/wall-106709966_53297","2","2"
"https://vk.com/","https://vk.com/wall-31121113_1142","Не определено","Не определено","https://vk.com/wall-31121113_1142","2","2"
"https://vk.com/","https://vk.com/wall-31295460_364743","Не определено","Не определено","https://vk.com/wall-31295460_364743","2","2"
"https://vk.com/","https://vk.com/wall-31295460_376849","Не определено","Не определено","https://vk.com/wall-31295460_376849","2","2"
"https://vk.com/","https://vk.com/wall-31295460_420679","Не определено","Не определено","https://vk.com/wall-31295460_420679","2","1"
"https://vk.com/","https://vk.com/wall-31295460_439916","Не определено","Не определено","https://vk.com/wall-31295460_439916","2","1"
"https://vk.com/","https://vk.com/wall-31295460_446557","Не определено","Не определено","https://vk.com/wall-31295460_446557","2","2"
"https://vk.com/","https://vk.com/wall-31295460_467518","Не определено","Не определено","https://vk.com/wall-31295460_467518","2","2"
"https://vk.com/","https://vk.com/wall-31295460_521684","Не определено","Не определено","https://vk.com/wall-31295460_521684","2","2"
"https://vk.com/","https://vk.com/wall-31295460_525175","Не определено","Не определено","https://vk.com/wall-31295460_525175","2","2"
"https://vk.com/","https://vk.com/wall-31295460_543490?","https://vk.com/wall-31295460_543490?reply=543512","Не определено","https://vk.com/wall-31295460_543490?reply=543512","2","2"
"https://vk.com/","https://vk.com/wall-31295460_558051","Не определено","Не определено","https://vk.com/wall-31295460_558051","2","2"
"https://vk.com/","https://vk.com/wall-31295460_562186","Не определено","Не определено","https://vk.com/wall-31295460_562186","2","2"
"https://vk.com/","https://vk.com/wall-31295460_595542","Не определено","Не определено","https://vk.com/wall-31295460_595542","2","2"
"https://vk.com/","https://vk.com/wall-31295460_596970","Не определено","Не определено","https://vk.com/wall-31295460_596970","2","2"
"https://vk.com/","https://vk.com/wall-31295460_614431?","https://vk.com/wall-31295460_614431?reply=614450","Не определено","https://vk.com/wall-31295460_614431?reply=614450","2","2"
"https://vk.com/","https://vk.com/wall-31295460_622028","Не определено","Не определено","https://vk.com/wall-31295460_622028","2","2"
"https://vk.com/","https://vk.com/wall-31295460_624635","Не определено","Не определено","https://vk.com/wall-31295460_624635","2","2"
"https://vk.com/","https://vk.com/wall-31295460_632900","Не определено","Не определено","https://vk.com/wall-31295460_632900","2","2"
"https://vk.com/","https://vk.com/wall-31295460_636353?","https://vk.com/wall-31295460_636353?reply=636418","Не определено","https://vk.com/wall-31295460_636353?reply=636418","2","2"
"https://youtu.be/","https://youtu.be/qOx2gtebzV0b","Не определено","Не определено","https://youtu.be/qOx2gtebzV0b","2","2"
"https://youtube.com/","https://youtube.com/watch?","https://youtube.com/watch?v=USaPeNVa77o","Не определено","https://youtube.com/watch?v=USaPeNVa77o","2","2"
"https://zf-scantools.com/","Не определено","Не определено","Не определено","https://zf-scantools.com/","2","2"
"http://forums.drom.ru/","http://forums.drom.ru/toyota-mark-ii-chaser-cresta/","http://forums.drom.ru/toyota-mark-ii-chaser-cresta/t67887.html","Не определено","http://forums.drom.ru/toyota-mark-ii-chaser-cresta/t67887.html","1","1"
"http://infodozer.com/","http://infodozer.com/catalogs/","http://infodozer.com/catalogs/obk/","http://infodozer.com/catalogs/obk/search.php?","http://infodozer.com/catalogs/obk/search.php?model=MARK II","1","1"
"http://jfbreton.blogspot.ru/","http://jfbreton.blogspot.ru/search/","http://jfbreton.blogspot.ru/search/label/","http://jfbreton.blogspot.ru/search/label/TOYOBD1","http://jfbreton.blogspot.ru/search/label/TOYOBD1","1","1"
"http://magazinrti66.ru/","http://magazinrti66.ru/catalog/","http://magazinrti66.ru/catalog/uplotniteli/","Не определено","http://magazinrti66.ru/catalog/uplotniteli/","1","1"
"http://primavistalab.ru/","http://primavistalab.ru/myengine/","Не определено","Не определено","http://primavistalab.ru/myengine/","1","1"
"http://tourerv.ru/","http://tourerv.ru/forum/","http://tourerv.ru/forum/showthread.php?","http://tourerv.ru/forum/showthread.php?p=516924#","http://tourerv.ru/forum/showthread.php?p=516924#post516924","1","1"
"http://tourerv.ru/","http://tourerv.ru/forum/","http://tourerv.ru/forum/showthread.php?","http://tourerv.ru/forum/showthread.php?t=86764&page=1#","http://tourerv.ru/forum/showthread.php?t=86764&page=1#post2041677","1","1"
"http://tuningatar.ru/","http://tuningatar.ru/products/","http://tuningatar.ru/products/deflektor-na-lyuk-dymchatyj-mark2-88-92g","Не определено","http://tuningatar.ru/products/deflektor-na-lyuk-dymchatyj-mark2-88-92g","1","1"
"https://ajs.su/","https://ajs.su/search/","https://ajs.su/search/?query=адаптер для установки ля","Не определено","https://ajs.su/search/?query=адаптер для установки ля","1","1"
"https://diksin.ru/","https://diksin.ru/mm2?","https://diksin.ru/mm2?session_id=0&defbr=0&driverok=&publ=323584260a25ba14b5bd8cb5bb5201ea&limit=5&plugin_id=1&bildid=312fc1128acd3b1dd7de0665899f555a&time=3&gplugin_id=1&instance_id=222222222&computer_id=54321c90f4d956364289ec9c0e1c5dee&version=0&adult=false&adult_key=0&referrer=https:/","https://diksin.ru/mm2?session_id=0&defbr=0&driverok=&publ=323584260a25ba14b5bd8cb5bb5201ea&limit=5&plugin_id=1&bildid=312fc1128acd3b1dd7de0665899f555a&time=3&gplugin_id=1&instance_id=222222222&computer_id=54321c90f4d956364289ec9c0e1c5dee&version=0&adult=false&adult_key=0&referrer=https://away.vk.com/","https://diksin.ru/mm2?session_id=0&defbr=0&driverok=&publ=323584260a25ba14b5bd8cb5bb5201ea&limit=5&plugin_id=1&bildid=312fc1128acd3b1dd7de0665899f555a&time=3&gplugin_id=1&instance_id=222222222&computer_id=54321c90f4d956364289ec9c0e1c5dee&version=0&adult=false&adult_key=0&referrer=https://away.vk.com/away.php&href=%2FFAQx81%2F&domain=daks01.github.io","1","1"
"https://drive2.ru/","https://drive2.ru/b/","https://drive2.ru/b/515695968390218222/","Не определено","https://drive2.ru/b/515695968390218222/","1","1"
"https://drive2.ru/","https://drive2.ru/b/","https://drive2.ru/b/518149253709693556/","Не определено","https://drive2.ru/b/518149253709693556/","1","1"
"https://drive2.ru/","https://drive2.ru/c/","https://drive2.ru/c/1253149/","Не определено","https://drive2.ru/c/1253149/","1","1"
"https://drive2.ru/","https://drive2.ru/c/","https://drive2.ru/c/2229821/","Не определено","https://drive2.ru/c/2229821/","1","1"
"https://drive2.ru/","https://drive2.ru/l/","https://drive2.ru/l/2858093/","Не определено","https://drive2.ru/l/2858093/","1","1"
"https://drive2.ru/","https://drive2.ru/l/","https://drive2.ru/l/4047983/","Не определено","https://drive2.ru/l/4047983/","1","1"
"https://drive2.ru/","https://drive2.ru/l/","https://drive2.ru/l/453332218618578531/","Не определено","https://drive2.ru/l/453332218618578531/","1","1"
"https://drive2.ru/","https://drive2.ru/l/","https://drive2.ru/l/459180520966754028/","Не определено","https://drive2.ru/l/459180520966754028/","1","1"
"https://drive2.ru/","https://drive2.ru/l/","https://drive2.ru/l/474313924133519473/","Не определено","https://drive2.ru/l/474313924133519473/","1","1"
"https://drive2.ru/","https://drive2.ru/l/","https://drive2.ru/l/474323544860262745/","https://drive2.ru/l/474323544860262745/?m=475841420662407619&page=0#","https://drive2.ru/l/474323544860262745/?m=475841420662407619&page=0#a475841420662407619","1","1"
"https://drive2.ru/","https://drive2.ru/l/","https://drive2.ru/l/478016529540055189/","Не определено","https://drive2.ru/l/478016529540055189/","1","1"
"https://drive2.ru/","https://drive2.ru/l/","https://drive2.ru/l/481174601812934667/","Не определено","https://drive2.ru/l/481174601812934667/","1","1"
"https://drive2.ru/","https://drive2.ru/l/","https://drive2.ru/l/488730170841104497/","Не определено","https://drive2.ru/l/488730170841104497/","1","1"
"https://drive2.ru/","https://drive2.ru/l/","https://drive2.ru/l/490837659753644162/","https://drive2.ru/l/490837659753644162/…","https://drive2.ru/l/490837659753644162/…","1","1"
"https://drive2.ru/","https://drive2.ru/l/","https://drive2.ru/l/49975/","Не определено","https://drive2.ru/l/49975/","1","1"
"https://drive2.ru/","https://drive2.ru/l/","https://drive2.ru/l/500048818415337743/","Не определено","https://drive2.ru/l/500048818415337743/","1","1"
"https://drive2.ru/","https://drive2.ru/l/","https://drive2.ru/l/501099951531491655/","https://drive2.ru/l/501099951531491655/?m=501540305938416662&page=0#","https://drive2.ru/l/501099951531491655/?m=501540305938416662&page=0#a501540305938416662","1","1"
"https://drive2.ru/","https://drive2.ru/l/","https://drive2.ru/l/510623096617566365/","Не определено","https://drive2.ru/l/510623096617566365/","1","1"
"https://drive2.ru/","https://drive2.ru/l/","https://drive2.ru/l/515317736390263707/","Не определено","https://drive2.ru/l/515317736390263707/","1","1"
"https://drive2.ru/","https://drive2.ru/l/","https://drive2.ru/l/522175115534794979/","Не определено","https://drive2.ru/l/522175115534794979/","1","1"
"https://drive2.ru/","https://drive2.ru/l/","https://drive2.ru/l/7336394","Не определено","https://drive2.ru/l/7336394","1","1"
"https://drive2.ru/","https://drive2.ru/l/","https://drive2.ru/l/7955198","Не определено","https://drive2.ru/l/7955198","1","1"
"https://drive2.ru/","https://drive2.ru/l/","https://drive2.ru/l/9353666","Не определено","https://drive2.ru/l/9353666","1","1"
"https://drive2.ru/","https://drive2.ru/l/","https://drive2.ru/l/9498710/","Не определено","https://drive2.ru/l/9498710/","1","1"
"https://drive2.ru/","https://drive2.ru/l/","https://drive2.ru/l/9661897/","Не определено","https://drive2.ru/l/9661897/","1","1"
"https://facebook.com/","https://facebook.com/dominosaintp/","https://facebook.com/dominosaintp/posts/","https://facebook.com/dominosaintp/posts/1806589532724201?","https://facebook.com/dominosaintp/posts/1806589532724201?__tn__=-R","1","1"
"https://faradpo.ru/","https://faradpo.ru/mm2?","https://faradpo.ru/mm2?session_id=0&defbr=0&driverok=&publ=323584260a25ba14b5bd8cb5bb5201ea&limit=5&plugin_id=1&bildid=312fc1128acd3b1dd7de0665899f555a&time=3&gplugin_id=1&instance_id=222222222&computer_id=543210f01efa8326a304bf2c51987526&version=0&adult=false&adult_key=0&referrer=https:/","https://faradpo.ru/mm2?session_id=0&defbr=0&driverok=&publ=323584260a25ba14b5bd8cb5bb5201ea&limit=5&plugin_id=1&bildid=312fc1128acd3b1dd7de0665899f555a&time=3&gplugin_id=1&instance_id=222222222&computer_id=543210f01efa8326a304bf2c51987526&version=0&adult=false&adult_key=0&referrer=https://away.vk.com/","https://faradpo.ru/mm2?session_id=0&defbr=0&driverok=&publ=323584260a25ba14b5bd8cb5bb5201ea&limit=5&plugin_id=1&bildid=312fc1128acd3b1dd7de0665899f555a&time=3&gplugin_id=1&instance_id=222222222&computer_id=543210f01efa8326a304bf2c51987526&version=0&adult=false&adult_key=0&referrer=https://away.vk.com/away.php&href=%2FFAQx81%2F%23стеклопластик-итп&domain=daks01.github.io","1","1"
"https://github.com/","https://github.com/join","Не определено","Не определено","https://github.com/join","1","1"
"https://m.vk.com/","https://m.vk.com/wall-139119461_97?","https://m.vk.com/wall-139119461_97?post_add#","https://m.vk.com/wall-139119461_97?post_add#post_add","https://m.vk.com/wall-139119461_97?post_add#post_add","1","1"
"https://m.vk.com/","https://m.vk.com/wall-31295460_456692?","https://m.vk.com/wall-31295460_456692?post_add#","https://m.vk.com/wall-31295460_456692?post_add#post_add","https://m.vk.com/wall-31295460_456692?post_add#post_add","1","1"
"https://m.vk.com/","https://m.vk.com/wall-31295460_566448","Не определено","Не определено","https://m.vk.com/wall-31295460_566448","1","1"
"https://m.vk.com/","https://m.vk.com/wall5300733_10927","Не определено","Не определено","https://m.vk.com/wall5300733_10927","1","1"
"https://ru.aliexpress.com/","https://ru.aliexpress.com/item/","https://ru.aliexpress.com/item/84210-30060-Reverse-Light-Switch-For-Suzuki-Grand-Vitara-Toyota-Supra-Lexus/","https://ru.aliexpress.com/item/84210-30060-Reverse-Light-Switch-For-Suzuki-Grand-Vitara-Toyota-Supra-Lexus/32806622475.html","https://ru.aliexpress.com/item/84210-30060-Reverse-Light-Switch-For-Suzuki-Grand-Vitara-Toyota-Supra-Lexus/32806622475.html","1","1"
"https://toyota.epcdata.ru/","https://toyota.epcdata.ru/mark_ii/","https://toyota.epcdata.ru/mark_ii/GX81/","https://toyota.epcdata.ru/mark_ii/GX81/80762/","https://toyota.epcdata.ru/mark_ii/GX81/80762/chassis/4804/48530/?fromOemSetSearch=1","1","1"
"https://vk.com/","https://vk.com/album-139119461_241547580","Не определено","Не определено","https://vk.com/album-139119461_241547580","1","1"
"https://vk.com/","https://vk.com/club54937175","Не определено","Не определено","https://vk.com/club54937175","1","1"
"https://vk.com/","https://vk.com/fdmetalwork","Не определено","Не определено","https://vk.com/fdmetalwork","1","1"
"https://vk.com/","https://vk.com/gtcomposite","Не определено","Не определено","https://vk.com/gtcomposite","1","1"
"https://vk.com/","https://vk.com/market-106467375?","https://vk.com/market-106467375?w=product-106467375_1918250","Не определено","https://vk.com/market-106467375?w=product-106467375_1918250","1","1"
"https://vk.com/","https://vk.com/market-143577202?","https://vk.com/market-143577202?w=product-143577202_751473","Не определено","https://vk.com/market-143577202?w=product-143577202_751473","1","1"
"https://vk.com/","https://vk.com/market-55766193?","https://vk.com/market-55766193?w=product-55766193_1397803","Не определено","https://vk.com/market-55766193?w=product-55766193_1397803","1","1"
"https://vk.com/","https://vk.com/market-99754707?","https://vk.com/market-99754707?w=product-99754707_44707%2Fquery","Не определено","https://vk.com/market-99754707?w=product-99754707_44707%2Fquery","1","1"
"https://vk.com/","https://vk.com/share.php?","https://vk.com/share.php?url=https:%2F%2Fdaks01.github.io%2FFAQx81%2F%23разное-1&title=faq x81","Не определено","https://vk.com/share.php?url=https:%2F%2Fdaks01.github.io%2FFAQx81%2F%23разное-1&title=faq x81","1","1"
"https://vk.com/","https://vk.com/wall-139119461_48?","https://vk.com/wall-139119461_48?z=album-139119461_246959946","Не определено","https://vk.com/wall-139119461_48?z=album-139119461_246959946","1","1"
"https://vk.com/","https://vk.com/wall-31295460_377174","Не определено","Не определено","https://vk.com/wall-31295460_377174","1","1"
"https://vk.com/","https://vk.com/wall-31295460_382998","Не определено","Не определено","https://vk.com/wall-31295460_382998","1","1"
"https://vk.com/","https://vk.com/wall-31295460_393811","Не определено","Не определено","https://vk.com/wall-31295460_393811","1","1"
"https://vk.com/","https://vk.com/wall-31295460_408562","Не определено","Не определено","https://vk.com/wall-31295460_408562","1","1"
"https://vk.com/","https://vk.com/wall-31295460_433060","Не определено","Не определено","https://vk.com/wall-31295460_433060","1","1"
"https://vk.com/","https://vk.com/wall-31295460_440098","Не определено","Не определено","https://vk.com/wall-31295460_440098","1","1"
"https://vk.com/","https://vk.com/wall-31295460_482171","Не определено","Не определено","https://vk.com/wall-31295460_482171","1","1"
"https://vk.com/","https://vk.com/wall-31295460_524637","Не определено","Не определено","https://vk.com/wall-31295460_524637","1","1"
"https://vk.com/","https://vk.com/wall-31295460_526670","Не определено","Не определено","https://vk.com/wall-31295460_526670","1","1"
"https://vk.com/","https://vk.com/wall-31295460_526950","Не определено","Не определено","https://vk.com/wall-31295460_526950","1","1"
"https://vk.com/","https://vk.com/wall-31295460_527088","Не определено","Не определено","https://vk.com/wall-31295460_527088","1","1"
"https://vk.com/","https://vk.com/wall-31295460_535854","Не определено","Не определено","https://vk.com/wall-31295460_535854","1","1"
"https://vk.com/","https://vk.com/wall-31295460_547814","Не определено","Не определено","https://vk.com/wall-31295460_547814","1","1"
"https://vk.com/","https://vk.com/wall-31295460_591609","Не определено","Не определено","https://vk.com/wall-31295460_591609","1","1"
"https://vk.com/","https://vk.com/wall-31295460_594071","Не определено","Не определено","https://vk.com/wall-31295460_594071","1","1"
"https://vk.com/","https://vk.com/wall-31295460_615612","Не определено","Не определено","https://vk.com/wall-31295460_615612","1","1"
"https://vk.com/","https://vk.com/wall-31295460_620779","Не определено","Не определено","https://vk.com/wall-31295460_620779","1","1"
"https://vk.com/","https://vk.com/wall-31295460_620843","Не определено","Не определено","https://vk.com/wall-31295460_620843","1","1"
"https://vk.com/","https://vk.com/wall-31295460_620861","Не определено","Не определено","https://vk.com/wall-31295460_620861","1","1"
"https://vk.com/","https://vk.com/wall-31295460_623564","Не определено","Не определено","https://vk.com/wall-31295460_623564","1","1"
"https://vk.com/","https://vk.com/wall-31295460_627703","Не определено","Не определено","https://vk.com/wall-31295460_627703","1","1"
"https://vk.com/","https://vk.com/wall-31295460_631156","Не определено","Не определено","https://vk.com/wall-31295460_631156","1","1"
"https://vk.com/","https://vk.com/wall-31295460_652017","Не определено","Не определено","https://vk.com/wall-31295460_652017","1","1"
"https://vk.com/","https://vk.com/wall5796235_2872","Не определено","Не определено","https://vk.com/wall5796235_2872","1","1"
"https://xcessivemanufacturing.com/","https://xcessivemanufacturing.com/toyota-mx83-t-mx83-rsb.html","Не определено","Не определено","https://xcessivemanufacturing.com/toyota-mx83-t-mx83-rsb.html","1","1"
"https://xcessivemanufacturing.com/","https://xcessivemanufacturing.com/toyota/","https://xcessivemanufacturing.com/toyota/cressida/","https://xcessivemanufacturing.com/toyota/cressida/mx83/","https://xcessivemanufacturing.com/toyota/cressida/mx83/chassis-and-suspension/toyota-mx83-t-rl-pb.html","1","1"
"tel:48331-14020","Не определено","Не определено","Не определено","tel:48331-14020","1","1"
"tel:48511-29645","Не определено","Не определено","Не определено","tel:48511-29645","1","1"
"tel:48609-22100","Не определено","Не определено","Не определено","tel:48609-22100","1","1"
"tel:67895-60030","Не определено","Не определено","Не определено","tel:67895-60030","1","1"
"tel:77399-28010","Не определено","Не определено","Не определено","tel:77399-28010","1","1"
